<?xml version="1.0" encoding="UTF-8"?><Players>	<INFO>		<NAME>Bob Dylan</NAME>		<COUNTRY>USA</COUNTRY>		<COMPANY>Columbia</COMPANY>		<PRICE>10.90</PRICE>		<BIRTH>1985</BIRTH>	</INFO>	<INFO>		<NAME>Bonnie Tyler</NAME>		<COUNTRY>UK</COUNTRY>		<COMPANY>CBS Records</COMPANY>		<PRICE>9.90</PRICE>		<BIRTH>1988</BIRTH>	</INFO>	<INFO>		<NAME>Dolly Parton</NAME>		<COUNTRY>USA</COUNTRY>		<COMPANY>RCA</COMPANY>		<PRICE>9.90</PRICE>		<BIRTH>1982</BIRTH>	</INFO>	<INFO>		<NAME>Gary Moore</NAME>		<COUNTRY>UK</COUNTRY>		<COMPANY>Virgin records</COMPANY>		<PRICE>10.20</PRICE>		<BIRTH>1990</BIRTH>	</INFO>	<INFO>		<NAME>Eros Ramazzotti</NAME>		<COUNTRY>EU</COUNTRY>		<COMPANY>BMG</COMPANY>		<PRICE>9.90</PRICE>		<BIRTH>1997</BIRTH>	</INFO>	<INFO>		<NAME>Bee Gees</NAME>		<COUNTRY>UK</COUNTRY>		<COMPANY>Polydor</COMPANY>		<PRICE>10.90</PRICE>		<BIRTH>1998</BIRTH>	</INFO>	<INFO>		<NAME>Dr.Hook</NAME>		<COUNTRY>UK</COUNTRY>		<COMPANY>CBS</COMPANY>		<PRICE>8.10</PRICE>		<BIRTH>1973</BIRTH>	</INFO>	<INFO>		<NAME>Rod Stewart</NAME>		<COUNTRY>UK</COUNTRY>		<COMPANY>Pickwick</COMPANY>		<PRICE>8.50</PRICE>		<BIRTH>1990</BIRTH>	</INFO>	<INFO>		<NAME>Andrea Bocelli</NAME>		<COUNTRY>EU</COUNTRY>		<COMPANY>Polydor</COMPANY>		<PRICE>10.80</PRICE>		<BIRTH>1996</BIRTH>	</INFO>	<INFO>		<NAME>Percy Sledge</NAME>		<COUNTRY>USA</COUNTRY>		<COMPANY>Atlantic</COMPANY>		<PRICE>8.70</PRICE>		<BIRTH>1987</BIRTH>	</INFO>	<INFO>		<NAME>Savage Rose</NAME>		<COUNTRY>EU</COUNTRY>		<COMPANY>Mega</COMPANY>		<PRICE>10.90</PRICE>		<BIRTH>1995</BIRTH>	</INFO>	<INFO>		<NAME>Many</NAME>		<COUNTRY>USA</COUNTRY>		<COMPANY>Grammy</COMPANY>		<PRICE>10.20</PRICE>		<BIRTH>1999</BIRTH>	</INFO>	<INFO>		<NAME>Kenny Rogers</NAME>		<COUNTRY>UK</COUNTRY>		<COMPANY>Mucik Master</COMPANY>		<PRICE>8.70</PRICE>		<BIRTH>1995</BIRTH>	</INFO>	<INFO>		<NAME>Will Smith</NAME>		<COUNTRY>USA</COUNTRY>		<COMPANY>Columbia</COMPANY>		<PRICE>9.90</PRICE>		<BIRTH>1997</BIRTH>	</INFO>	<INFO>		<NAME>Van Morrison</NAME>		<COUNTRY>UK</COUNTRY>		<COMPANY>Polydor</COMPANY>		<PRICE>8.20</PRICE>		<BIRTH>1971</BIRTH>	</INFO>	<INFO>		<NAME>Jorn Hoel</NAME>		<COUNTRY>Norway</COUNTRY>		<COMPANY>WEA</COMPANY>		<PRICE>7.90</PRICE>		<BIRTH>1996</BIRTH>	</INFO>	<INFO>		<NAME>Cat Stevens</NAME>		<COUNTRY>UK</COUNTRY>		<COMPANY>Island</COMPANY>		<PRICE>8.90</PRICE>		<BIRTH>1990</BIRTH>	</INFO>	<INFO>		<NAME>Sam Brown</NAME>		<COUNTRY>UK</COUNTRY>		<COMPANY>A and M</COMPANY>		<PRICE>8.90</PRICE>		<BIRTH>1988</BIRTH>	</INFO>	<INFO>		<NAME>T'Pau</NAME>		<COUNTRY>UK</COUNTRY>		<COMPANY>Siren</COMPANY>		<PRICE>7.90</PRICE>		<BIRTH>1987</BIRTH>	</INFO>	<INFO>		<NAME>Tina Turner</NAME>		<COUNTRY>UK</COUNTRY>		<COMPANY>Capitol</COMPANY>		<PRICE>8.90</PRICE>		<BIRTH>1983</BIRTH>	</INFO>	<INFO>		<NAME>Kim Larsen</NAME>		<COUNTRY>EU</COUNTRY>		<COMPANY>Medley</COMPANY>		<PRICE>7.80</PRICE>		<BIRTH>1983</BIRTH>	</INFO>	<INFO>		<NAME>Luciano Pavarotti</NAME>		<COUNTRY>UK</COUNTRY>		<COMPANY>DECCA</COMPANY>		<PRICE>9.90</PRICE>		<BIRTH>1991</BIRTH>	</INFO>	<INFO>		<NAME>Otis Redding</NAME>		<COUNTRY>USA</COUNTRY>		<COMPANY>Atlantic</COMPANY>		<PRICE>7.90</PRICE>		<BIRTH>1987</BIRTH>	</INFO>	<INFO>		<NAME>Simply Red</NAME>		<COUNTRY>EU</COUNTRY>		<COMPANY>Elektra</COMPANY>		<PRICE>7.20</PRICE>		<BIRTH>1985</BIRTH>	</INFO>	<INFO>		<NAME>The Communards</NAME>		<COUNTRY>UK</COUNTRY>		<COMPANY>London</COMPANY>		<PRICE>7.80</PRICE>		<BIRTH>1987</BIRTH>	</INFO>	<INFO>		<NAME>Joe Cocker</NAME>		<COUNTRY>USA</COUNTRY>		<COMPANY>EMI</COMPANY>		<PRICE>8.20</PRICE>		<BIRTH>1987</BIRTH>	</INFO></Players>